Country,Year,Data
Afghanistan,2010,45.83
Afghanistan,2005,49.37
Afghanistan,2005,49.37
Afghanistan,2005,49.37
Afghanistan,2005,49.37
Afghanistan,2005,49.37
Albania,2013,53.31
Albania,2009,50.77
Albania,2005,48.73
Albania,2001,54.95
Albania,2001,54.95
Albania,2001,54.95
Albania,2001,54.95
Albania,2001,54.95
Albania,1997,72.56
Albania,1997,72.56
Albania,1997,72.56
Albania,1997,72.56
Albania,1997,72.56
Albania,1996,89.08
Albania,1996,89.08
Albania,1996,89.08
Albania,1996,89.08
Albania,1996,89.08
Albania,1992,91.5
Albania,1992,91.5
Albania,1992,91.5
Albania,1992,91.5
Albania,1992,91.5
Albania,1991,98.92
Albania,1991,98.92
Albania,1991,98.92
Albania,1991,98.92
Albania,1991,98.92
Algeria,2012,43.14
Algeria,2007,35.51
Algeria,2007,35.51
Algeria,2002,46.17
Algeria,2002,46.17
Algeria,1997,65.6
Algeria,1997,65.6
Algeria,1991,59
Algeria,1991,59
Andorra,2015,65.62
Andorra,2011,74.12
Andorra,2009,75.34
Andorra,2005,80.38
Andorra,2001,81.64
Andorra,1997,81.59
Andorra,1993,80.92
Angola,2012,62.77
Angola,2008,87.36
Angola,1992,86.91
Anguilla,2015,73.24
Anguilla,2010,82.07
Anguilla,2005,74.49
Anguilla,2005,74.49
Anguilla,2005,74.49
Anguilla,2005,74.49
Anguilla,2005,74.49
Anguilla,2000,64.16
Anguilla,2000,64.16
Anguilla,2000,64.16
Anguilla,2000,64.16
Anguilla,2000,64.16
Anguilla,1999,73.69
Anguilla,1999,73.69
Anguilla,1999,73.69
Anguilla,1999,73.69
Anguilla,1999,73.69
Anguilla,1994,75.17
Anguilla,1994,75.17
Anguilla,1994,75.17
Anguilla,1994,75.17
Anguilla,1994,75.17
Anguilla,1989,73.24
Anguilla,1989,73.24
Anguilla,1989,73.24
Anguilla,1989,73.24
Anguilla,1989,73.24
Anguilla,1984,72.17
Anguilla,1984,72.17
Anguilla,1984,72.17
Anguilla,1984,72.17
Anguilla,1984,72.17
Anguilla,1980,79.16
Anguilla,1980,79.16
Anguilla,1980,79.16
Anguilla,1980,79.16
Anguilla,1980,79.16
Anguilla,1976,71.67
Anguilla,1976,71.67
Anguilla,1976,71.67
Anguilla,1976,71.67
Anguilla,1976,71.67
Anguilla,1972,46.92
Anguilla,1972,46.92
Anguilla,1972,46.92
Anguilla,1972,46.92
Anguilla,1972,46.92
Antigua and Barbuda,2014,90.27
Antigua and Barbuda,2009,80.27
Antigua and Barbuda,2004,91.19
Antigua and Barbuda,2004,91.19
Antigua and Barbuda,2004,91.19
Antigua and Barbuda,2004,91.19
Antigua and Barbuda,2004,91.19
Antigua and Barbuda,1999,63.6
Antigua and Barbuda,1999,63.6
Antigua and Barbuda,1999,63.6
Antigua and Barbuda,1999,63.6
Antigua and Barbuda,1999,63.6
Antigua and Barbuda,1994,62.32
Antigua and Barbuda,1994,62.32
Antigua and Barbuda,1994,62.32
Antigua and Barbuda,1994,62.32
Antigua and Barbuda,1994,62.32
Antigua and Barbuda,1989,60.72
Antigua and Barbuda,1989,60.72
Antigua and Barbuda,1989,60.72
Antigua and Barbuda,1989,60.72
Antigua and Barbuda,1989,60.72
Antigua and Barbuda,1984,61.12
Antigua and Barbuda,1984,61.12
Antigua and Barbuda,1984,61.12
Antigua and Barbuda,1984,61.12
Antigua and Barbuda,1984,61.12
Antigua and Barbuda,1980,77.08
Antigua and Barbuda,1980,77.08
Antigua and Barbuda,1980,77.08
Antigua and Barbuda,1980,77.08
Antigua and Barbuda,1980,77.08
Antigua and Barbuda,1976,94.97
Antigua and Barbuda,1976,94.97
Antigua and Barbuda,1976,94.97
Antigua and Barbuda,1976,94.97
Antigua and Barbuda,1976,94.97
Antigua and Barbuda,1971,56.41
Antigua and Barbuda,1971,56.41
Antigua and Barbuda,1971,56.41
Antigua and Barbuda,1971,56.41
Antigua and Barbuda,1971,56.41
Antigua and Barbuda,1965,42.85
Antigua and Barbuda,1965,42.85
Antigua and Barbuda,1965,42.85
Antigua and Barbuda,1965,42.85
Antigua and Barbuda,1965,42.85
Antigua and Barbuda,1960,37.98
Antigua and Barbuda,1960,37.98
Antigua and Barbuda,1960,37.98
Antigua and Barbuda,1960,37.98
Antigua and Barbuda,1960,37.98
Antigua and Barbuda,1956,57.02
Antigua and Barbuda,1956,57.02
Antigua and Barbuda,1956,57.02
Antigua and Barbuda,1956,57.02
Antigua and Barbuda,1956,57.02
Antigua and Barbuda,1951,70.33
Antigua and Barbuda,1951,70.33
Antigua and Barbuda,1951,70.33
Antigua and Barbuda,1951,70.33
Antigua and Barbuda,1951,70.33
Argentina,2015,81.07
Argentina,2013,77.17
Argentina,2011,79.39
Argentina,2009,72.39
Argentina,2007,73.13
Argentina,2007,73.13
Argentina,2007,73.13
Argentina,2007,73.13
Argentina,2007,73.13
Argentina,2005,70.94
Argentina,2005,70.94
Argentina,2005,70.94
Argentina,2005,70.94
Argentina,2005,70.94
Argentina,2001,75.21
Argentina,2001,75.21
Argentina,2001,75.21
Argentina,2001,75.21
Argentina,2001,75.21
Argentina,1999,80.54
Argentina,1997,78.22
Argentina,1995,80.96
Argentina,1995,80.96
Argentina,1995,80.96
Argentina,1995,80.96
Argentina,1995,80.96
Argentina,1993,79.7
Argentina,1993,79.7
Argentina,1993,79.7
Argentina,1993,79.7
Argentina,1993,79.7
Argentina,1991,89.71
Argentina,1991,89.71
Argentina,1991,89.71
Argentina,1991,89.71
Argentina,1991,89.71
Argentina,1989,84.24
Argentina,1989,84.24
Argentina,1989,84.24
Argentina,1989,84.24
Argentina,1989,84.24
Argentina,1987,83.61
Argentina,1987,83.61
Argentina,1987,83.61
Argentina,1987,83.61
Argentina,1987,83.61
Argentina,1985,82.19
Argentina,1985,82.19
Argentina,1985,82.19
Argentina,1985,82.19
Argentina,1985,82.19
Argentina,1983,83.25
Argentina,1983,83.25
Argentina,1983,83.25
Argentina,1983,83.25
Argentina,1983,83.25
Argentina,1973,85.55
Argentina,1973,85.55
Argentina,1973,85.55
Argentina,1973,85.55
Argentina,1973,85.55
Argentina,1965,83.46
Argentina,1965,83.46
Argentina,1965,83.46
Argentina,1965,83.46
Argentina,1965,83.46
Argentina,1963,85.59
Argentina,1963,85.59
Argentina,1963,85.59
Argentina,1963,85.59
Argentina,1963,85.59
Argentina,1962,85.73
Argentina,1962,85.73
Argentina,1962,85.73
Argentina,1962,85.73
Argentina,1962,85.73
Argentina,1960,87.07
Argentina,1960,87.07
Argentina,1960,87.07
Argentina,1960,87.07
Argentina,1960,87.07
Argentina,1958,90.86
Argentina,1958,90.86
Argentina,1958,90.86
Argentina,1958,90.86
Argentina,1958,90.86
Argentina,1954,86
Argentina,1954,86
Argentina,1954,86
Argentina,1954,86
Argentina,1954,86
Argentina,1951,87.95
Argentina,1951,87.95
Argentina,1951,87.95
Argentina,1951,87.95
Argentina,1951,87.95
Argentina,1946,83.39
Argentina,1946,83.39
Argentina,1946,83.39
Argentina,1946,83.39
Argentina,1946,83.39
Armenia,2012,62.87
Armenia,2007,59.99
Armenia,2007,59.99
Armenia,2007,59.99
Armenia,2007,59.99
Armenia,2007,59.99
Armenia,2003,55.18
Armenia,2003,55.18
Armenia,2003,55.18
Armenia,2003,55.18
Armenia,2003,55.18
Armenia,1999,51.72
Armenia,1999,51.72
Armenia,1999,51.72
Armenia,1999,51.72
Armenia,1999,51.72
Armenia,1995,53.91
Armenia,1995,53.91
Armenia,1995,53.91
Armenia,1995,53.91
Armenia,1995,53.91
Aruba,2013,84.86
Aruba,2009,84.81
Aruba,2005,85.74
Aruba,2005,85.74
Aruba,2005,85.74
Aruba,2005,85.74
Aruba,2005,85.74
Aruba,1997,85.77
Aruba,1997,85.77
Aruba,1997,85.77
Aruba,1997,85.77
Aruba,1997,85.77
Aruba,1994,61.66
Aruba,1994,61.66
Aruba,1994,61.66
Aruba,1994,61.66
Aruba,1994,61.66
Aruba,1993,88.09
Aruba,1993,88.09
Aruba,1993,88.09
Aruba,1993,88.09
Aruba,1993,88.09
Australia,2016,91.01
Australia,2013,93.23
Australia,2010,93.22
Australia,2007,94.76
Australia,2004,94.32
Australia,2004,94.32
Australia,2004,94.32
Australia,2004,94.32
Australia,2004,94.32
Australia,2001,94.85
Australia,2001,94.85
Australia,2001,94.85
Australia,2001,94.85
Australia,2001,94.85
Australia,1998,94.99
Australia,1996,95.77
Australia,1993,95.75
Australia,1993,95.75
Australia,1993,95.75
Australia,1993,95.75
Australia,1993,95.75
Australia,1990,95.31
Australia,1990,95.31
Australia,1990,95.31
Australia,1990,95.31
Australia,1990,95.31
Australia,1987,93.84
Australia,1987,93.84
Australia,1987,93.84
Australia,1987,93.84
Australia,1987,93.84
Australia,1984,94.19
Australia,1984,94.19
Australia,1984,94.19
Australia,1984,94.19
Australia,1984,94.19
Australia,1983,94.64
Australia,1980,94.35
Australia,1977,95.08
Australia,1975,95.39
Australia,1975,95.39
Australia,1975,95.39
Australia,1975,95.39
Australia,1975,95.39
Australia,1974,95.4
Australia,1974,95.4
Australia,1974,95.4
Australia,1974,95.4
Australia,1974,95.4
Australia,1972,95.38
Australia,1972,95.38
Australia,1972,95.38
Australia,1972,95.38
Australia,1972,95.38
Australia,1969,94.97
Australia,1966,95.13
Australia,1966,95.13
Australia,1966,95.13
Australia,1966,95.13
Australia,1966,95.13
Australia,1963,95.71
Australia,1961,95.22
Australia,1958,95.44
Australia,1955,95
Australia,1954,96.05
Australia,1951,95.97
Australia,1949,95.94
Australia,1946,93.95
Austria,2013,74.91
Austria,2008,78.81
Austria,2006,78.49
Austria,2002,84.27
Austria,2002,84.27
Austria,2002,84.27
Austria,2002,84.27
Austria,2002,84.27
Austria,1999,80.42
Austria,1999,80.42
Austria,1999,80.42
Austria,1999,80.42
Austria,1999,80.42
Austria,1995,85.98
Austria,1995,85.98
Austria,1995,85.98
Austria,1995,85.98
Austria,1995,85.98
Austria,1994,82.46
Austria,1994,82.46
Austria,1994,82.46
Austria,1994,82.46
Austria,1994,82.46
Austria,1990,86.14
Austria,1986,90.46
Austria,1986,90.46
Austria,1986,90.46
Austria,1986,90.46
Austria,1986,90.46
Austria,1983,92.59
Austria,1983,92.59
Austria,1983,92.59
Austria,1983,92.59
Austria,1983,92.59
Austria,1979,92.24
Austria,1979,92.24
Austria,1979,92.24
Austria,1979,92.24
Austria,1979,92.24
Austria,1975,92.9
Austria,1975,92.9
Austria,1975,92.9
Austria,1975,92.9
Austria,1975,92.9
Austria,1971,92.44
Austria,1971,92.44
Austria,1971,92.44
Austria,1971,92.44
Austria,1971,92.44
Austria,1970,91.78
Austria,1970,91.78
Austria,1970,91.78
Austria,1970,91.78
Austria,1970,91.78
Austria,1966,93.8
Austria,1966,93.8
Austria,1966,93.8
Austria,1966,93.8
Austria,1966,93.8
Austria,1962,93.77
Austria,1962,93.77
Austria,1962,93.77
Austria,1962,93.77
Austria,1962,93.77
Austria,1959,94.21
Austria,1959,94.21
Austria,1959,94.21
Austria,1959,94.21
Austria,1959,94.21
Austria,1956,95.95
Austria,1956,95.95
Austria,1956,95.95
Austria,1956,95.95
Austria,1956,95.95
Austria,1953,95.83
Austria,1953,95.83
Austria,1953,95.83
Austria,1953,95.83
Austria,1953,95.83
Austria,1949,96.78
Austria,1949,96.78
Austria,1949,96.78
Austria,1949,96.78
Austria,1949,96.78
Austria,1945,94.31
Austria,1945,94.31
Austria,1945,94.31
Austria,1945,94.31
Austria,1945,94.31
Azerbaijan,2015,55.54
Azerbaijan,2010,49.76
Azerbaijan,2006,40.47
Azerbaijan,2006,40.47
Azerbaijan,2006,40.47
Azerbaijan,2006,40.47
Azerbaijan,2006,40.47
Azerbaijan,2005,40.47
Azerbaijan,2005,40.47
Azerbaijan,2005,40.47
Azerbaijan,2005,40.47
Azerbaijan,2005,40.47
Azerbaijan,2000,67.99
Azerbaijan,2000,67.99
Azerbaijan,2000,67.99
Azerbaijan,2000,67.99
Azerbaijan,2000,67.99
Azerbaijan,1995,86.05
Azerbaijan,1995,86.05
Azerbaijan,1995,86.05
Azerbaijan,1995,86.05
Azerbaijan,1995,86.05
Bahamas,2012,90.78
Bahamas,2007,92.13
Bahamas,2007,92.13
Bahamas,2002,90.03
Bahamas,2002,90.03
Bahamas,1997,91.71
Bahamas,1997,91.71
Bahamas,1992,91.85
Bahamas,1992,91.85
Bahamas,1987,87.9
Bahamas,1987,87.9
Bahamas,1982,89.76
Bahamas,1982,89.76
Bahamas,1977,89.92
Bahamas,1977,89.92
Bahamas,1972,100289589
Bahamas,1972,100289589
Bahamas,1972,100289589
Bahrain,2014,52.6
Bahrain,2010,67
Bahrain,2006,73.6
Bahrain,2002,53
Bahrain,1973,78.4
Bahrain,1973,78.4
Bangladesh,2014,51.37
Bangladesh,2008,85.26
Bangladesh,2008,85.26
Bangladesh,2008,85.26
Bangladesh,2008,85.26
Bangladesh,2008,85.26
Bangladesh,2001,74.97
Bangladesh,2001,74.97
Bangladesh,2001,74.97
Bangladesh,2001,74.97
Bangladesh,2001,74.97
Bangladesh,1996,75.6
Bangladesh,1996,75.6
Bangladesh,1996,75.6
Bangladesh,1996,75.6
Bangladesh,1996,75.6
Bangladesh,1991,55.45
Bangladesh,1991,55.45
Bangladesh,1991,55.45
Bangladesh,1991,55.45
Bangladesh,1991,55.45
Bangladesh,1988,51.81
Bangladesh,1988,51.81
Bangladesh,1988,51.81
Bangladesh,1988,51.81
Bangladesh,1988,51.81
Bangladesh,1986,60.31
Bangladesh,1986,60.31
Bangladesh,1986,60.31
Bangladesh,1986,60.31
Bangladesh,1986,60.31
Bangladesh,1979,51.29
Bangladesh,1979,51.29
Bangladesh,1979,51.29
Bangladesh,1979,51.29
Bangladesh,1979,51.29
Bangladesh,1973,54.91
Bangladesh,1973,54.91
Bangladesh,1973,54.91
Bangladesh,1973,54.91
Bangladesh,1973,54.91
Barbados,2013,65.05
Barbados,2008,63.54
Barbados,2008,63.54
Barbados,2008,63.54
Barbados,2008,63.54
Barbados,2008,63.54
Barbados,2003,56.88
Barbados,2003,56.88
Barbados,2003,56.88
Barbados,2003,56.88
Barbados,2003,56.88
Barbados,1999,63.1
Barbados,1999,63.1
Barbados,1999,63.1
Barbados,1999,63.1
Barbados,1999,63.1
Barbados,1994,60.25
Barbados,1994,60.25
Barbados,1994,60.25
Barbados,1994,60.25
Barbados,1994,60.25
Barbados,1991,63.72
Barbados,1991,63.72
Barbados,1991,63.72
Barbados,1991,63.72
Barbados,1991,63.72
Barbados,1986,76.7
Barbados,1986,76.7
Barbados,1986,76.7
Barbados,1986,76.7
Barbados,1986,76.7
Barbados,1981,71.58
Barbados,1981,71.58
Barbados,1981,71.58
Barbados,1981,71.58
Barbados,1981,71.58
Barbados,1976,74.09
Barbados,1976,74.09
Barbados,1976,74.09
Barbados,1976,74.09
Barbados,1976,74.09
Barbados,1971,81.62
Barbados,1971,81.62
Barbados,1971,81.62
Barbados,1971,81.62
Barbados,1971,81.62
Barbados,1966,79.27
Barbados,1966,79.27
Barbados,1966,79.27
Barbados,1966,79.27
Barbados,1966,79.27
Barbados,1961,61.32
Barbados,1961,61.32
Barbados,1961,61.32
Barbados,1961,61.32
Barbados,1961,61.32
Barbados,1956,60.29
Barbados,1956,60.29
Barbados,1956,60.29
Barbados,1956,60.29
Barbados,1956,60.29
Barbados,1951,64.65
Barbados,1951,64.65
Barbados,1951,64.65
Barbados,1951,64.65
Barbados,1951,64.65
Belarus,2016,74.68
Belarus,2012,74.2
Belarus,2008,76.74
Belarus,2008,100
Belarus,2004,90.14
Belarus,2004,90.14
Belarus,2000,61.08
Belarus,2000,61.08
Belarus,1995,56.4
Belarus,1995,56.4
Belgium,2014,89.37
Belgium,2010,89.22
Belgium,2007,91.08
Belgium,2003,91.63
Belgium,2003,91.63
Belgium,2003,91.63
Belgium,2003,91.63
Belgium,2003,91.63
Belgium,1999,90.57
Belgium,1995,91.15
Belgium,1995,91.15
Belgium,1995,91.15
Belgium,1995,91.15
Belgium,1995,91.15
Belgium,1991,92.71
Belgium,1991,92.71
Belgium,1991,92.71
Belgium,1991,92.71
Belgium,1991,92.71
Belgium,1987,93.38
Belgium,1987,93.38
Belgium,1987,93.38
Belgium,1987,93.38
Belgium,1987,93.38
Belgium,1985,93.59
Belgium,1985,93.59
Belgium,1985,93.59
Belgium,1985,93.59
Belgium,1985,93.59
Belgium,1981,94.56
Belgium,1981,94.56
Belgium,1981,94.56
Belgium,1981,94.56
Belgium,1981,94.56
Belgium,1978,94.87
Belgium,1978,94.87
Belgium,1978,94.87
Belgium,1978,94.87
Belgium,1978,94.87
Belgium,1977,95.07
Belgium,1977,95.07
Belgium,1977,95.07
Belgium,1977,95.07
Belgium,1977,95.07
Belgium,1974,90.35
Belgium,1974,90.35
Belgium,1974,90.35
Belgium,1974,90.35
Belgium,1974,90.35
Belgium,1971,91.55
Belgium,1971,91.55
Belgium,1971,91.55
Belgium,1971,91.55
Belgium,1971,91.55
Belgium,1968,90.02
Belgium,1968,90.02
Belgium,1968,90.02
Belgium,1968,90.02
Belgium,1968,90.02
Belgium,1965,91.58
Belgium,1965,91.58
Belgium,1965,91.58
Belgium,1965,91.58
Belgium,1965,91.58
Belgium,1961,92.34
Belgium,1961,92.34
Belgium,1961,92.34
Belgium,1961,92.34
Belgium,1961,92.34
Belgium,1958,93.62
Belgium,1958,93.62
Belgium,1958,93.62
Belgium,1958,93.62
Belgium,1958,93.62
Belgium,1954,93.18
Belgium,1954,93.18
Belgium,1954,93.18
Belgium,1954,93.18
Belgium,1954,93.18
Belgium,1950,92.62
Belgium,1950,92.62
Belgium,1950,92.62
Belgium,1950,92.62
Belgium,1950,92.62
Belgium,1949,94.41
Belgium,1949,94.41
Belgium,1949,94.41
Belgium,1949,94.41
Belgium,1949,94.41
Belgium,1946,90.3
Belize,2015,72.69
Belize,2012,73.18
Belize,2008,77.18
Belize,2003,79.52
Belize,2003,79.52
Belize,1998,90.1
Belize,1998,90.1
Belize,1993,74.59
Belize,1993,74.59
Belize,1989,72.62
Belize,1989,72.62
Belize,1984,74.96
Belize,1984,74.96
Belize,1979,89.78
Belize,1979,89.78
Benin,2015,65.91
Benin,2011,56.12
Benin,2007,58.69
Benin,2007,58.69
Benin,2003,55.9
Benin,2003,55.9
Benin,1999,70.11
Benin,1999,70.11
Benin,1995,75.8
Benin,1995,75.8
Benin,1991,51.68
Benin,1991,51.68
Bermuda,2012,70.7
Bermuda,2007,75.65
Bermuda,2007,75.65
Bermuda,2003,74.95
Bermuda,2003,74.95
Bermuda,1998,81.44
Bermuda,1998,81.44
Bermuda,1993,77.6
Bermuda,1993,77.6
Bermuda,1989,74.32
Bermuda,1989,74.32
Bhutan,2013,66.13
Bhutan,2008,79.45
Bhutan,2008,79.45
Bhutan,2007,54.87
Bhutan,2007,54.87
Bolivia,2014,87.45
Bolivia,2009,94.55
Bolivia,2005,84.51
Bolivia,2005,84.51
Bolivia,2002,72.06
Bolivia,2002,72.06
Bolivia,1997,71.36
Bolivia,1997,71.36
Bolivia,1993,72.16
Bolivia,1993,72.16
Bolivia,1989,73.66
Bolivia,1989,73.66
Bolivia,1985,81.97
Bolivia,1985,81.97
Bolivia,1980,74.32
Bolivia,1980,74.32
Bolivia,1979,90.5
Bolivia,1979,90.5
Bolivia,1978,102.62
Bolivia,1978,102.62
Bolivia,1966,86.57
Bolivia,1966,86.57
Bolivia,1964,91.91
Bolivia,1964,91.91
Bolivia,1960,75.98
Bolivia,1960,75.98
Bolivia,1956,85.04
Bolivia,1956,85.04
Bosnia and Herzegovina,2014,54.54
Bosnia and Herzegovina,2010,56.49
Bosnia and Herzegovina,2006,54.94
Bosnia and Herzegovina,2002,55.45
Bosnia and Herzegovina,2002,55.45
Bosnia and Herzegovina,2002,55.45
Bosnia and Herzegovina,2002,55.45
Bosnia and Herzegovina,2002,55.45
Bosnia and Herzegovina,2000,63.7
Bosnia and Herzegovina,2000,63.7
Bosnia and Herzegovina,2000,63.7
Bosnia and Herzegovina,2000,63.7
Bosnia and Herzegovina,2000,63.7
Bosnia and Herzegovina,1998,70.74
Bosnia and Herzegovina,1998,70.74
Bosnia and Herzegovina,1998,70.74
Bosnia and Herzegovina,1998,70.74
Bosnia and Herzegovina,1998,70.74
Bosnia and Herzegovina,1996,46.06
Bosnia and Herzegovina,1996,46.06
Bosnia and Herzegovina,1996,46.06
Bosnia and Herzegovina,1996,46.06
Bosnia and Herzegovina,1996,46.06
Botswana,2014,84.75
Botswana,2009,76.71
Botswana,2004,76.2
Botswana,2004,76.2
Botswana,1999,77.11
Botswana,1999,77.11
Botswana,1994,76.55
Botswana,1994,76.55
Botswana,1989,68.24
Botswana,1989,68.24
Botswana,1984,77.58
Botswana,1984,77.58
Botswana,1979,55.24
Botswana,1979,55.24
Botswana,1974,31.22
Botswana,1974,31.22
Botswana,1969,54.73
Botswana,1969,54.73
Brazil,2014,80.6
Brazil,2010,81.88
Brazil,2006,83.27
Brazil,2006,83.27
Brazil,2002,68.72
Brazil,2002,68.72
Brazil,1998,78.51
Brazil,1998,78.51
Brazil,1994,82.24
Brazil,1994,82.24
Brazil,1990,84.61
Brazil,1990,84.61
Brazil,1986,85
Brazil,1986,85
Brazil,1982,82.33
Brazil,1982,82.33
Brazil,1978,81.75
Brazil,1978,81.75
Brazil,1970,77.45
Brazil,1970,77.45
Brazil,1966,77.21
Brazil,1966,77.21
Brazil,1962,79.59
Brazil,1962,79.59
Brazil,1958,99.2
Brazil,1958,99.2
Brazil,1954,65.48
Brazil,1954,65.48
Brazil,1950,71.89
Brazil,1950,71.89
Brazil,1947,42.47
Brazil,1947,42.47
Brazil,1945,81.64
Brazil,1945,81.64
Bulgaria,2014,51.05
Bulgaria,2013,52.49
Bulgaria,2009,60.64
Bulgaria,2005,55.76
Bulgaria,2005,55.76
Bulgaria,2005,55.76
Bulgaria,2005,55.76
Bulgaria,2005,55.76
Bulgaria,2001,66.63
Bulgaria,2001,66.63
Bulgaria,2001,66.63
Bulgaria,2001,66.63
Bulgaria,2001,66.63
Bulgaria,1997,58.87
Bulgaria,1997,58.87
Bulgaria,1997,58.87
Bulgaria,1997,58.87
Bulgaria,1997,58.87
Bulgaria,1994,75.23
Bulgaria,1994,75.23
Bulgaria,1994,75.23
Bulgaria,1994,75.23
Bulgaria,1994,75.23
Bulgaria,1991,83.87
Bulgaria,1991,83.87
Bulgaria,1991,83.87
Bulgaria,1991,83.87
Bulgaria,1991,83.87
Burkina Faso,2015,60.13
Burkina Faso,2012,75.96
Burkina Faso,2007,56.43
Burkina Faso,2007,56.43
Burkina Faso,2007,56.43
Burkina Faso,2007,56.43
Burkina Faso,2007,56.43
Burkina Faso,2002,64.14
Burkina Faso,2002,64.14
Burkina Faso,2002,64.14
Burkina Faso,2002,64.14
Burkina Faso,2002,64.14
Burkina Faso,1997,44.53
Burkina Faso,1997,44.53
Burkina Faso,1997,44.53
Burkina Faso,1997,44.53
Burkina Faso,1997,44.53
Burkina Faso,1992,33.8
Burkina Faso,1992,33.8
Burkina Faso,1992,33.8
Burkina Faso,1992,33.8
Burkina Faso,1992,33.8
Burkina Faso,1978,40.24
Burkina Faso,1978,40.24
Burkina Faso,1978,40.24
Burkina Faso,1978,40.24
Burkina Faso,1978,40.24
Burkina Faso,1970,48.29
Burkina Faso,1970,48.29
Burkina Faso,1970,48.29
Burkina Faso,1970,48.29
Burkina Faso,1970,48.29
Burundi,2015,74.32
Burundi,2010,66.68
Burundi,2005,77.23
Burundi,2005,77.23
Burundi,1993,91.38
Burundi,1993,91.38
Burundi,1982,95
Burundi,1961,75.39
Cambodia,2013,68.49
Cambodia,2008,75.21
Cambodia,2008,75.21
Cambodia,2003,83.22
Cambodia,2003,83.22
Cambodia,1998,93.74
Cambodia,1998,93.74
Cambodia,1993,86.78
Cambodia,1993,86.78
Cameroon,2013,76.79
Cameroon,2007,62.01
Cameroon,2002,65.66
Cameroon,1997,75.6
Cameroon,1997,75.6
Cameroon,1992,60.59
Cameroon,1992,60.59
Cameroon,1988,90.32
Cameroon,1988,90.32
Cameroon,1960,69.56
Cameroon,1960,69.56
Canada,2015,68.28
Canada,2011,61.11
Canada,2008,59.52
Canada,2008,59.52
Canada,2006,64.67
Canada,2004,60.91
Canada,2004,60.91
Canada,2000,61.18
Canada,2000,61.18
Canada,1997,67
Canada,1997,67
Canada,1993,69.64
Canada,1993,69.64
Canada,1988,75.29
Canada,1988,75.29
Canada,1984,75.34
Canada,1984,75.34
Canada,1980,69.32
Canada,1980,69.32
Canada,1979,75.69
Canada,1979,75.69
Canada,1974,71
Canada,1974,71
Canada,1972,77.2
Canada,1972,77.2
Canada,1968,75.67
Canada,1968,75.67
Canada,1965,75.88
Canada,1965,75.88
Canada,1963,80.3
Canada,1963,80.3
Canada,1962,80.13
Canada,1962,80.13
Canada,1958,80.57
Canada,1958,80.57
Canada,1957,75.05
Canada,1957,75.05
Canada,1953,67.87
Canada,1953,67.87
Canada,1949,74.79
Canada,1949,74.79
Canada,1945,76.31
Canada,1945,76.31
Cape Verde,2016,65.93
Cape Verde,2011,76.01
Cape Verde,2006,54.18
Cape Verde,2006,54.18
Cape Verde,2001,54.14
Cape Verde,2001,54.14
Cape Verde,1995,76.52
Cape Verde,1995,76.52
Cape Verde,1991,75.27
Cape Verde,1991,75.27
,2013,79.87
,2005,80.25
,2005,80.25
Central African Republic,2016,44.28
Central African Republic,2011,61.16
Central African Republic,2005,72.65
Central African Republic,2005,72.65
Central African Republic,1998,58.45
Central African Republic,1998,58.45
Central African Republic,1993,67.93
Central African Republic,1993,67.93
Chad,2011,56.6
Chad,2002,52.4
Chad,1997,50.14
Chile,2013,49.25
Chile,2009,87.67
Chile,2005,87.67
Chile,2005,87.67
Chile,2001,87.11
Chile,1997,87.32
Chile,1997,87.32
Chile,1993,90.96
Chile,1993,90.96
Chile,1989,94.73
Chile,1989,94.73
Chile,1973,81.75
Chile,1973,81.75
Chile,1969,74.15
Chile,1969,74.15
Chile,1965,80.57
Chile,1965,80.57
Chile,1961,74.54
Chile,1961,74.54
Chile,1957,68.39
Chile,1957,68.39
Chile,1953,70.83
Chile,1953,70.83
Chile,1949,79.46
Chile,1949,79.46
Chile,1945,65.3
Chile,1945,65.3
Colombia,2014,43.58
Colombia,2010,43.75
Colombia,2006,40.49
Colombia,2006,40.49
Colombia,2002,42.45
Colombia,2002,42.45
Colombia,1998,45
Colombia,1998,45
Colombia,1994,36.14
Colombia,1994,36.14
Colombia,1991,33
Colombia,1991,33
Colombia,1990,55.33
Colombia,1990,55.33
Colombia,1986,43.62
Colombia,1986,43.62
Colombia,1982,40.7
Colombia,1982,40.7
Colombia,1978,33.39
Colombia,1978,33.39
Colombia,1974,57.14
Colombia,1974,57.14
Colombia,1970,51.92
Colombia,1970,51.92
Colombia,1968,37.28
Colombia,1968,37.28
Colombia,1966,44.47
Colombia,1966,44.47
Colombia,1964,36.85
Colombia,1964,36.85
Colombia,1962,57.88
Colombia,1962,57.88
Colombia,1960,57.82
Colombia,1960,57.82
Colombia,1958,68.85
Colombia,1958,68.85
Colombia,1949,63.16
Colombia,1949,63.16
Colombia,1947,56.35
Colombia,1947,56.35
Colombia,1945,38.42
Colombia,1945,38.42
Comoros,2015,71.35
Comoros,1987,65
Comoros,1987,65
Comoros,1978,75.61
Comoros,1978,75.61
"Congo, Democratic Republic of",2011,59.05
"Congo, Democratic Republic of",2006,70.29
"Congo, Democratic Republic of",1992,70.94
"Congo, Democratic Republic of",1992,70.94
,2014,75.82
,2010,82.81
,2006,86.95
,1999,88.96
,1999,88.96
Costa Rica,2014,68.38
Costa Rica,2010,69.11
Costa Rica,2006,65.13
Costa Rica,2006,65.13
Costa Rica,2002,68.84
Costa Rica,2002,68.84
Costa Rica,1998,69.99
Costa Rica,1998,69.99
Costa Rica,1994,81.09
Costa Rica,1994,81.09
Costa Rica,1990,81.79
Costa Rica,1990,81.79
Costa Rica,1986,81.81
Costa Rica,1986,81.81
Costa Rica,1982,78.62
Costa Rica,1982,78.62
Costa Rica,1978,81.16
Costa Rica,1978,81.16
Costa Rica,1974,79.89
Costa Rica,1974,79.89
Costa Rica,1970,83.32
Costa Rica,1970,83.32
Costa Rica,1966,81.4
Costa Rica,1966,81.4
Costa Rica,1962,80.89
Costa Rica,1962,80.89
Costa Rica,1958,64.69
Costa Rica,1958,64.69
Costa Rica,1953,67.51
Costa Rica,1953,67.51
Cote d'Ivoire,2011,36.56
Cote d'Ivoire,2000,31.54
Cote d'Ivoire,2000,31.54
Cote d'Ivoire,1990,42.47
Cote d'Ivoire,1990,42.47
Croatia,2016,52.59
Croatia,2015,60.82
Croatia,2011,54.17
Croatia,2007,59.58
Croatia,2007,59.58
Croatia,2003,61.65
Croatia,2003,61.65
Croatia,2000,76.55
Croatia,2000,76.55
Croatia,1995,68.79
Croatia,1995,68.79
Croatia,1992,75.61
Croatia,1992,75.61
Croatia,1990,84.54
Cuba,2013,90.88
Cuba,2008,96.89
Cuba,2003,97.64
Cuba,1998,98.35
Cuba,1993,98.71
Cuba,1986,97.66
,2016,66.74
,2011,78.7
,2006,89
,2001,91.75
,2001,91.75
,1996,90.13
,1996,90.13
,1991,94.31
,1991,94.31
,1985,94.62
,1985,94.62
,1981,95.75
,1981,95.75
,1976,85.29
,1976,85.29
,1970,75.85
,1970,75.85
Czech Republic,2013,59.48
Czech Republic,2010,62.6
Czech Republic,2006,64.47
Czech Republic,2006,64.47
Czech Republic,2002,57.95
Czech Republic,2002,57.95
Czech Republic,1998,74
Czech Republic,1998,74
Czech Republic,1996,76.29
Czech Republic,1996,76.29
Czech Republic,1992,84.68
Czech Republic,1992,84.68
Czech Republic,1990,96.33
Czech Republic,1990,96.33
Denmark,2015,85.89
Denmark,2011,87.74
Denmark,2007,86.59
Denmark,2007,86.59
Denmark,2005,84.54
Denmark,2005,84.54
Denmark,2001,87.15
Denmark,2001,87.15
Denmark,1998,85.95
Denmark,1998,85.95
Denmark,1994,84.25
Denmark,1994,84.25
Denmark,1990,82.85
Denmark,1990,82.85
Denmark,1988,85.7
Denmark,1988,85.7
Denmark,1987,86.74
Denmark,1987,86.74
Denmark,1984,88.44
Denmark,1984,88.44
Denmark,1981,87.77
Denmark,1981,87.77
Denmark,1979,85.62
Denmark,1979,85.62
Denmark,1977,88.7
Denmark,1977,88.7
Denmark,1975,88.23
Denmark,1975,88.23
Denmark,1973,88.72
Denmark,1973,88.72
Denmark,1971,87.16
Denmark,1971,87.16
Denmark,1968,89.28
Denmark,1968,89.28
Denmark,1966,88.61
Denmark,1966,88.61
Denmark,1964,85.51
Denmark,1964,85.51
Denmark,1960,85.84
Denmark,1960,85.84
Denmark,1957,83.73
Denmark,1957,83.73
Denmark,1953,80.8
Denmark,1953,80.8
Denmark,1950,81.87
Denmark,1950,81.87
Denmark,1947,85.78
Denmark,1947,85.78
Denmark,1945,86.29
Denmark,1945,86.29
Djibouti,2013,69.16
Djibouti,2008,72.61
Djibouti,2008,72.61
Djibouti,2003,48.42
Djibouti,2003,48.42
Djibouti,1997,56.83
Djibouti,1997,56.83
Djibouti,1992,48.45
Djibouti,1992,48.45
Dominica,2014,56.31
Dominica,2009,54.87
Dominica,2005,59.09
Dominica,2005,59.09
Dominica,2000,60.17
Dominica,2000,60.17
Dominica,1995,65.18
Dominica,1995,65.18
Dominica,1990,66.64
Dominica,1990,66.64
Dominica,1985,74.56
Dominica,1985,74.56
Dominica,1980,80.21
Dominica,1980,80.21
Dominica,1975,77.26
Dominica,1975,77.26
Dominica,1970,81.56
Dominica,1970,81.56
Dominica,1966,80.26
Dominica,1966,80.26
Dominica,1961,76.94
Dominica,1961,76.94
Dominica,1957,75.55
Dominica,1957,75.55
Dominica,1954,70.26
Dominica,1954,70.26
Dominica,1951,75.92
Dominica,1951,75.92
Dominican Republic,2016,67.77
Dominican Republic,2010,56.43
Dominican Republic,2006,56.46
Dominican Republic,2006,56.46
Dominican Republic,2002,51.05
Dominican Republic,2002,51.05
Dominican Republic,1998,52.97
Dominican Republic,1998,52.97
Dominican Republic,1996,78.57
Dominican Republic,1996,78.57
Dominican Republic,1994,42.4
Dominican Republic,1994,42.4
Dominican Republic,1990,56.19
Dominican Republic,1990,56.19
Dominican Republic,1986,69.49
Dominican Republic,1986,69.49
Dominican Republic,1947,100
Dominican Republic,1947,100
Ecuador,2013,80.84
Ecuador,2009,75.72
Ecuador,2006,63.5
Ecuador,2006,63.5
Ecuador,2002,63.51
Ecuador,2002,63.51
Ecuador,1998,47.25
Ecuador,1998,47.25
Ecuador,1996,67.87
Ecuador,1996,67.87
Ecuador,1994,65.49
Ecuador,1994,65.49
Ecuador,1990,69.42
Ecuador,1990,69.42
Ecuador,1988,77.65
Ecuador,1988,77.65
Ecuador,1986,74.02
Ecuador,1986,74.02
Ecuador,1984,71.15
Ecuador,1984,71.15
Ecuador,1979,80.37
Ecuador,1979,80.37
Ecuador,1956,71.6
Ecuador,1956,71.6
Ecuador,1954,81.62
Ecuador,1954,81.62
Ecuador,1950,64.11
Ecuador,1950,64.11
Ecuador,1947,56.69
Ecuador,1947,56.69
Egypt,2015,28.27
Egypt,2012,62.04
Egypt,2010,27.47
Egypt,2005,28.13
Egypt,2005,28.13
Egypt,1995,47.99
Egypt,1995,47.99
Egypt,1990,44.43
Egypt,1990,44.43
Egypt,1987,50.32
Egypt,1987,50.32
Egypt,1984,43.14
Egypt,1984,43.14
Egypt,1976,39.77
Egypt,1976,39.77
El Salvador,2015,45.91
El Salvador,2009,53.58
El Salvador,2006,52.56
El Salvador,2003,28.42
El Salvador,2000,38.07
El Salvador,1997,89.18
El Salvador,1994,55.11
El Salvador,1991,52.89
El Salvador,1988,67.74
El Salvador,1978,47.18
El Salvador,1972,56.68
El Salvador,1970,41.65
El Salvador,1968,36.64
El Salvador,1966,32.38
El Salvador,1964,27.59
Equatorial Guinea,2016,92.7
Equatorial Guinea,2004,96.45
Equatorial Guinea,2004,96.45
Equatorial Guinea,1999,94.94
Equatorial Guinea,1999,94.94
Estonia,2015,64.23
Estonia,2011,63.53
Estonia,2007,61.91
Estonia,2007,61.91
Estonia,2003,58.24
Estonia,2003,58.24
Estonia,1999,57.43
Estonia,1999,57.43
Estonia,1995,68.91
Estonia,1995,68.91
Estonia,1992,67.84
Estonia,1992,67.84
Estonia,1990,78.2
Estonia,1990,78.2
Ethiopia,2015,93.22
Ethiopia,2010,93.44
Ethiopia,2005,82.6
Ethiopia,2005,82.6
Ethiopia,2000,90
Ethiopia,2000,90
Ethiopia,1995,94.05
,2008,89.5
,2004,92.34
,2002,91.63
,1998,88.19
Fiji,2014,84.6
Fiji,2006,64
Fiji,2006,64
Fiji,2001,81.05
Fiji,2001,81.05
Fiji,1999,89.41
Fiji,1999,89.41
Fiji,1994,74.8
Fiji,1994,74.8
Fiji,1992,78.77
Fiji,1992,78.77
Finland,2015,66.85
Finland,2011,67.37
Finland,2007,65.02
Finland,2007,65.02
Finland,2003,66.71
Finland,2003,66.71
Finland,1999,65.27
Finland,1999,65.27
Finland,1995,68.58
Finland,1995,68.58
Finland,1991,68.39
Finland,1991,68.39
Finland,1987,72.06
Finland,1987,72.06
Finland,1983,75.73
Finland,1983,75.73
Finland,1979,75.31
Finland,1979,75.31
Finland,1975,73.8
Finland,1975,73.8
Finland,1972,81.4
Finland,1972,81.4
Finland,1970,82.23
Finland,1970,82.23
Finland,1966,84.94
Finland,1966,84.94
Finland,1962,85.09
Finland,1962,85.09
Finland,1958,74.99
Finland,1958,74.99
Finland,1954,79.9
Finland,1954,79.9
Finland,1951,74.58
Finland,1951,74.58
Finland,1948,78.25
Finland,1948,78.25
Finland,1945,74.87
Finland,1945,74.87
France,2012,55.4
France,2007,59.98
France,2002,60.32
France,2002,60.32
France,1997,67.96
France,1997,67.96
France,1993,68.93
France,1993,68.93
France,1988,66.18
France,1988,66.18
France,1986,78.48
France,1986,78.48
France,1981,70.87
France,1981,70.87
France,1978,71.63
France,1978,71.63
France,1973,81.31
France,1973,81.31
France,1968,79.85
France,1968,79.85
France,1967,81.12
France,1967,81.12
France,1962,68.69
France,1962,68.69
France,1958,77.18
France,1958,77.18
France,1956,82.69
France,1956,82.69
France,1951,80.19
France,1951,80.19
France,1946,81.85
France,1946,81.85
France,1945,79.83
France,1945,79.83
Gabon,2011,34.28
Gambia,2012,19.44
Gambia,2007,41.7
Gambia,2007,41.7
Gambia,2002,56.38
Gambia,2002,56.38
Gambia,1997,73.21
Gambia,1997,73.21
Gambia,1992,55.8
Gambia,1992,55.8
Gambia,1987,80.2
Gambia,1987,80.2
Gambia,1977,81.94
Gambia,1977,81.94
Gambia,1972,76.07
Gambia,1972,76.07
Georgia,2012,59.76
Georgia,2008,53.39
Georgia,2008,53.39
Georgia,2004,63.93
Georgia,2004,63.93
Georgia,2003,60.06
Georgia,1999,67.87
Georgia,1999,67.87
Georgia,1995,68.18
Georgia,1995,68.18
Georgia,1992,74.77
Georgia,1992,74.77
Germany,2013,71.53
Germany,2009,70.78
Germany,2005,77.65
Germany,2002,79.08
Germany,2002,79.08
Germany,1998,82.2
Germany,1998,82.2
Germany,1994,78.97
Germany,1994,78.97
Germany,1990,77.76
Germany,1990,77.76
Germany,1987,84.33
Germany,1987,84.33
Germany,1983,89.09
Germany,1983,89.09
Germany,1980,88.57
Germany,1980,88.57
Germany,1976,90.75
Germany,1976,90.75
Germany,1972,91.11
Germany,1972,91.11
Germany,1969,86.67
Germany,1969,86.67
Germany,1965,86.77
Germany,1965,86.77
Germany,1961,87.74
Germany,1961,87.74
Germany,1957,87.77
Germany,1957,87.77
Germany,1953,85.99
Germany,1953,85.99
Germany,1949,78.49
Germany,1949,78.49
Ghana,2012,80.01
Ghana,2008,69.52
Ghana,2008,69.52
Ghana,2004,85.12
Ghana,2004,85.12
Ghana,2000,61.19
Ghana,2000,61.19
Ghana,1996,65
Ghana,1996,65
Ghana,1992,28.07
Ghana,1992,28.07
Ghana,1979,35.25
Ghana,1979,35.25
Ghana,1969,63.2
Ghana,1969,63.2
Ghana,1956,50.06
Ghana,1956,50.06
Gibraltar,2015,70.77
Gibraltar,2011,82.51
Greece,2015,63.6
Greece,2012,62.47
Greece,2009,70.92
Greece,2007,74.14
Greece,2007,74.14
Greece,2004,76.62
Greece,2004,76.62
Greece,2000,74.97
Greece,2000,74.97
Greece,1996,76.34
Greece,1996,76.34
Greece,1993,82.95
Greece,1993,82.95
Greece,1989,84.5
Greece,1989,84.5
Greece,1985,83.81
Greece,1985,83.81
Greece,1981,81.5
Greece,1981,81.5
Greece,1977,81.11
Greece,1977,81.11
Greece,1974,79.58
Greece,1974,79.58
Greece,1964,81.69
Greece,1964,81.69
Greece,1963,83.04
Greece,1963,83.04
Greece,1961,81.87
Greece,1961,81.87
Greece,1958,75.48
Greece,1958,75.48
Greece,1956,74.97
Greece,1956,74.97
Greece,1952,75.37
Greece,1952,75.37
Greece,1951,77.2
Greece,1951,77.2
Grenada,2013,87.73
Grenada,2008,80.3
Grenada,2008,80.3
Grenada,2003,57.42
Grenada,2003,57.42
Grenada,1999,56.67
Grenada,1999,56.67
Grenada,1995,61.78
Grenada,1995,61.78
Grenada,1990,68.42
Grenada,1990,68.42
Grenada,1984,86.19
Grenada,1984,86.19
Grenada,1976,65.26
Grenada,1976,65.26
Grenada,1972,83.49
Grenada,1972,83.49
Guatemala,2015,71.13
Guatemala,2011,69.38
Guatemala,2007,60.46
Guatemala,2007,60.46
Guatemala,2003,54.5
Guatemala,2003,54.5
Guatemala,1999,40.39
Guatemala,1999,40.39
Guatemala,1995,46.8
Guatemala,1995,46.8
Guatemala,1994,21.01
Guatemala,1994,21.01
Guatemala,1990,56.44
Guatemala,1990,56.44
Guatemala,1985,69.16
Guatemala,1985,69.16
Guatemala,1982,45.59
Guatemala,1982,45.59
Guatemala,1978,40
Guatemala,1978,40
Guatemala,1974,46.35
Guatemala,1974,46.35
Guatemala,1970,53.26
Guatemala,1970,53.26
Guatemala,1966,55.01
Guatemala,1966,55.01
Guatemala,1961,44.48
Guatemala,1961,44.48
Guatemala,1959,44.64
Guatemala,1959,44.64
Guatemala,1958,66.85
Guatemala,1958,66.85
Guatemala,1954,69.46
Guatemala,1954,69.46
Guatemala,1950,71.49
Guatemala,1950,71.49
Guinea,2013,63.53
Guinea,2002,71.98
Guinea,2002,71.98
Guinea,1995,61.86
Guinea,1995,61.86
Guinea-Bissau,2014,88.57
Guinea-Bissau,2008,82
Guinea-Bissau,2008,82
Guinea-Bissau,2004,74.37
Guinea-Bissau,2004,74.37
Guinea-Bissau,1999,80
Guinea-Bissau,1999,80
Guinea-Bissau,1994,45
Guinea-Bissau,1994,45
Guyana,2015,72.19
Guyana,2011,72.89
Guyana,2006,68.82
Guyana,2006,68.82
Guyana,2001,91.73
Guyana,2001,91.73
Guyana,1997,88.42
Guyana,1997,88.42
Guyana,1992,81
Guyana,1992,81
Guyana,1980,93.64
Guyana,1980,93.64
Guyana,1973,82.92
Guyana,1973,82.92
Guyana,1968,85.14
Guyana,1968,85.14
Guyana,1964,96.98
Guyana,1964,96.98
Haiti,2015,17.82
Haiti,2011,22.77
Haiti,2006,28.31
Haiti,2006,28.31
Haiti,2000,59.99
Haiti,2000,59.99
Haiti,1995,31.09
Haiti,1995,31.09
Haiti,1990,50.16
Haiti,1990,50.16
Honduras,2013,61.16
Honduras,2009,50.05
Honduras,2005,45.97
Honduras,2005,45.97
Honduras,2001,66.31
Honduras,2001,66.31
Honduras,1997,71.83
Honduras,1997,71.83
Honduras,1993,64.97
Honduras,1993,64.97
Honduras,1989,76.03
Honduras,1989,76.03
Honduras,1985,84.02
Honduras,1985,84.02
Honduras,1981,77.95
Honduras,1981,77.95
Honduras,1980,81.35
Honduras,1980,81.35
Honduras,1971,67.54
Honduras,1971,67.54
Honduras,1965,75.3
Honduras,1965,75.3
Honduras,1957,63.49
Honduras,1957,63.49
Honduras,1954,61.41
Honduras,1954,61.41
Honduras,1948,85.97
Honduras,1948,85.97
Hungary,2014,61.84
Hungary,2010,64.38
Hungary,2006,67.57
Hungary,2002,70.52
Hungary,1998,57.01
Hungary,1994,68.92
Hungary,1990,65.1
Iceland,2013,81.44
Iceland,2009,85.12
Iceland,2007,83.6
Iceland,2007,83.6
Iceland,2003,87.7
Iceland,2003,87.7
Iceland,1999,84.07
Iceland,1999,84.07
Iceland,1995,87.38
Iceland,1995,87.38
Iceland,1991,87.62
Iceland,1991,87.62
Iceland,1987,90.1
Iceland,1987,90.1
Iceland,1983,88.6
Iceland,1983,88.6
Iceland,1979,89.34
Iceland,1979,89.34
Iceland,1978,90.27
Iceland,1978,90.27
Iceland,1974,91.44
Iceland,1974,91.44
Iceland,1971,90.44
Iceland,1971,90.44
Iceland,1967,91.37
Iceland,1967,91.37
Iceland,1963,91.14
Iceland,1963,91.14
Iceland,1959,90.63
Iceland,1959,90.63
Iceland,1956,92.07
Iceland,1956,92.07
Iceland,1953,89.9
Iceland,1953,89.9
Iceland,1949,89.03
Iceland,1949,89.03
Iceland,1946,87.41
Iceland,1946,87.41
India,2014,66.4
India,2009,58.17
India,2004,58.07
India,1999,59.99
India,1998,61.97
India,1996,57.94
India,1996,57.94
India,1991,56.73
India,1991,56.73
India,1989,61.98
India,1984,63.56
India,1980,56.92
India,1977,60.49
India,1971,55.25
India,1971,55.25
India,1967,61.04
India,1962,55.42
India,1957,62.23
India,1952,61.17
Indonesia,2014,75.11
Indonesia,2009,70.99
Indonesia,2004,84.09
Indonesia,2004,84.09
Indonesia,1999,93.3
Indonesia,1999,93.3
Indonesia,1997,88.93
Indonesia,1997,88.93
Indonesia,1992,90.91
Indonesia,1992,90.91
Indonesia,1987,91.3
Indonesia,1987,91.3
Indonesia,1982,91.23
Indonesia,1982,91.23
Indonesia,1977,90.57
Indonesia,1977,90.57
Indonesia,1971,94.02
Indonesia,1971,94.02
"Iran, Islamic Republic of",2016,60.09
"Iran, Islamic Republic of",2012,64.2
"Iran, Islamic Republic of",2008,49.47
"Iran, Islamic Republic of",1996,77.24
Iraq,2014,60.53
Iraq,2010,62.4
Iraq,2005,79.63
Ireland,2016,65.09
Ireland,2011,69.9
Ireland,2007,67.03
Ireland,2007,67.03
Ireland,2002,62.57
Ireland,2002,62.57
Ireland,1997,65.92
Ireland,1992,68.49
Ireland,1992,68.49
Ireland,1989,68.51
Ireland,1989,68.51
Ireland,1987,73.33
Ireland,1987,73.33
Ireland,1982,72.86
Ireland,1981,76.22
Ireland,1981,76.22
Ireland,1977,76.31
Ireland,1977,76.31
Ireland,1973,76.61
Ireland,1973,76.61
Ireland,1969,76.93
Ireland,1969,76.93
Ireland,1965,75.14
Ireland,1965,75.14
Ireland,1961,70.61
Ireland,1961,70.61
Ireland,1957,71.25
Ireland,1957,71.25
Ireland,1954,76.45
Ireland,1954,76.45
Ireland,1951,75.27
Ireland,1951,75.27
Ireland,1948,74.25
Ireland,1948,74.25
Israel,2015,72.34
Israel,2012,67.77
Israel,2009,64.72
Israel,2009,64.72
Israel,2006,63.55
Israel,2006,63.55
Israel,2003,67.81
Israel,2003,67.81
Israel,2001,62.29
Israel,2001,62.29
Israel,1999,78.73
Israel,1999,78.73
Israel,1996,79.32
Israel,1996,79.32
Israel,1992,77.38
Israel,1992,77.38
Israel,1988,79.66
Israel,1988,79.66
Israel,1984,78.78
Israel,1984,78.78
Israel,1981,78.5
Israel,1981,78.5
Israel,1977,79.23
Israel,1977,79.23
Israel,1973,78.58
Israel,1973,78.58
Israel,1969,81.2
Israel,1969,81.2
Israel,1965,85.86
Israel,1965,85.86
Israel,1961,81.34
Israel,1961,81.34
Israel,1959,81.6
Israel,1959,81.6
Israel,1955,82.83
Israel,1955,82.83
Israel,1951,75.15
Israel,1951,75.15
Israel,1949,86.89
Israel,1949,86.89
Italy,2013,75.19
Italy,2008,80.54
Italy,2008,80.54
Italy,2006,83.62
Italy,2006,83.62
Italy,2001,81.44
Italy,2001,81.44
Italy,1996,82.91
Italy,1996,82.91
Italy,1994,86.14
Italy,1994,86.14
Italy,1992,87.44
Italy,1992,87.44
Italy,1987,88.86
Italy,1987,88.86
Italy,1983,89.02
Italy,1983,89.02
Italy,1979,90.35
Italy,1979,90.35
Italy,1976,93.37
Italy,1976,93.37
Italy,1972,93.18
Italy,1972,93.18
Italy,1968,92.79
Italy,1968,92.79
Italy,1963,92.88
Italy,1963,92.88
Italy,1958,93.72
Italy,1958,93.72
Italy,1953,93.87
Italy,1953,93.87
Italy,1948,92.23
Italy,1948,92.23
Italy,1946,89.08
Italy,1946,89.08
Jamaica,2016,47.72
Jamaica,2011,53.17
Jamaica,2007,60.4
Jamaica,2007,60.4
Jamaica,2002,59.06
Jamaica,2002,59.06
Jamaica,1997,65.42
Jamaica,1997,65.42
Jamaica,1993,67.68
Jamaica,1993,67.68
Jamaica,1989,78.38
Jamaica,1989,78.38
Jamaica,1983,2.73
Jamaica,1983,2.73
Jamaica,1980,86.91
Jamaica,1980,86.91
Jamaica,1976,85.21
Jamaica,1976,85.21
Jamaica,1972,78.88
Jamaica,1972,78.88
Jamaica,1967,82.24
Jamaica,1967,82.24
Jamaica,1962,72.88
Jamaica,1962,72.88
Jamaica,1959,66.07
Jamaica,1959,66.07
Jamaica,1955,65.12
Jamaica,1955,65.12
Jamaica,1949,65.16
Jamaica,1949,65.16
Japan,2014,52.66
Japan,2012,59.32
Japan,2009,69.27
Japan,2005,67.46
Japan,2005,67.46
Japan,2003,59.8
Japan,2003,59.8
Japan,2000,60.62
Japan,2000,60.62
Japan,1996,59.65
Japan,1995,44.5
Japan,1995,44.5
Japan,1993,67.02
Japan,1993,67.02
Japan,1990,73.31
Japan,1990,73.31
Japan,1986,63.99
Japan,1986,63.99
Japan,1983,67.94
Japan,1983,67.94
Japan,1980,74.56
Japan,1980,74.56
Japan,1979,68
Japan,1979,68
Japan,1976,73.44
Japan,1976,73.44
Japan,1972,71.75
Japan,1972,71.75
Japan,1969,68.5
Japan,1969,68.5
Japan,1967,73.98
Japan,1967,73.98
Japan,1963,71.14
Japan,1963,71.14
Japan,1960,73.5
Japan,1960,73.5
Japan,1958,76.98
Japan,1958,76.98
Japan,1955,75.83
Japan,1955,75.83
Japan,1953,74.21
Japan,1953,74.21
Japan,1952,76.43
Japan,1952,76.43
Japan,1949,74.04
Japan,1949,74.04
Japan,1947,67.95
Japan,1947,67.95
Japan,1946,72.08
Japan,1946,72.08
Jordan,2016,36.13
Jordan,2013,56.45
Jordan,2010,53
Jordan,2007,54
Jordan,2003,57.75
Jordan,2003,57.75
Jordan,1997,47.45
Jordan,1997,47.45
Jordan,1993,54.77
Jordan,1993,54.77
Jordan,1989,53.06
Jordan,1989,53.06
Kazakhstan,2016,77.1
Kazakhstan,2012,75.44
Kazakhstan,2007,68.41
Kazakhstan,2007,68.41
Kazakhstan,2004,56.49
Kazakhstan,1999,62.56
Kazakhstan,1999,62.56
Kazakhstan,1995,80.73
Kazakhstan,1994,73.52
Kenya,2013,85.91
Kenya,2007,69.09
Kenya,2002,57.18
Kenya,2002,57.18
Kenya,1997,65.45
Kenya,1997,65.45
Kenya,1992,58.84
Kenya,1992,58.84
Kiribati,2007,67.54
Kiribati,2007,67.54
Kiribati,1987,84
Kiribati,1983,79.94
Kiribati,1983,79.94
Kiribati,1982,82.51
Kiribati,1982,82.51
Kiribati,1978,81
Kiribati,1978,81
Kiribati,1974,68
Kiribati,1974,68
"Korea, Republic of",2016,58.03
"Korea, Republic of",2012,54.26
"Korea, Republic of",2008,46.01
"Korea, Republic of",2008,46.01
"Korea, Republic of",2004,59.98
"Korea, Republic of",2004,59.98
"Korea, Republic of",2000,57.21
"Korea, Republic of",2000,57.21
"Korea, Republic of",1996,63.91
"Korea, Republic of",1996,63.91
"Korea, Republic of",1992,71.86
"Korea, Republic of",1992,71.86
"Korea, Republic of",1988,75.73
"Korea, Republic of",1988,75.73
"Korea, Republic of",1985,84.57
"Korea, Republic of",1985,84.57
"Korea, Republic of",1981,78.42
"Korea, Republic of",1981,78.42
"Korea, Republic of",1978,77.09
"Korea, Republic of",1978,77.09
"Korea, Republic of",1973,71.36
"Korea, Republic of",1973,71.36
"Korea, Republic of",1971,73.22
"Korea, Republic of",1971,73.22
"Korea, Republic of",1967,76.12
"Korea, Republic of",1967,76.12
Kosovo,2014,42.63
Kosovo,2010,45.62
Kosovo,2007,43.23
Kosovo,2004,49.52
Kosovo,2004,49.52
Kuwait,2013,51.9
Kuwait,2012,59.53
Kuwait,2009,59
Kuwait,2008,59.41
Kuwait,2008,59.41
Kuwait,2006,66.3
Kuwait,1996,80
Kuwait,1996,80
Kuwait,1992,85
Kuwait,1992,85
Kuwait,1985,84.59
Kuwait,1985,84.59
Kuwait,1981,90
Kuwait,1981,90
Kuwait,1975,58.24
Kuwait,1975,58.24
Kyrgyzstan,2015,56.62
Kyrgyzstan,2010,56.59
Kyrgyzstan,2007,75.2
Kyrgyzstan,2007,75.2
Kyrgyzstan,2005,59
Kyrgyzstan,2000,64.41
Kyrgyzstan,2000,64.41
Kyrgyzstan,1995,61.1
Kyrgyzstan,1995,61.1
Lao People's Dem. Republic,2016,97.94
Lao People's Dem. Republic,2011,99.69
Lao People's Dem. Republic,2006,99.76
Lao People's Dem. Republic,2006,99.76
Lao People's Dem. Republic,2002,99.9
Lao People's Dem. Republic,2002,99.9
Lao People's Dem. Republic,1997,99.37
Lao People's Dem. Republic,1997,99.37
Lao People's Dem. Republic,1992,99.26
Lao People's Dem. Republic,1992,99.26
Lao People's Dem. Republic,1972,67.76
Latvia,2014,58.8
Latvia,2011,59.49
Latvia,2010,64.72
Latvia,2006,60.98
Latvia,2002,71.17
Latvia,1998,71.9
Latvia,1995,71.9
Latvia,1993,89.88
Latvia,1990,81.2
Lebanon,2009,53.98
Lebanon,2005,46.47
Lebanon,2005,46.47
Lebanon,2000,44.97
Lebanon,2000,44.97
Lebanon,1996,43.14
Lebanon,1996,43.14
Lebanon,1992,30.35
Lebanon,1992,30.35
Lesotho,2015,46.61
Lesotho,2012,50.04
Lesotho,2007,49
Lesotho,2002,66.69
Lesotho,1998,71.83
Lesotho,1993,72.28
Lesotho,1970,81.9
Lesotho,1965,62.32
Liberia,2011,71.64
Liberia,2005,76.49
Libya,2014,41.74
Libya,2012,61.58
Liechtenstein,2013,79.8
Liechtenstein,2009,84.63
Liechtenstein,2009,84.63
Liechtenstein,2005,86.47
Liechtenstein,2005,86.47
Liechtenstein,2001,86.72
Liechtenstein,2001,86.72
Liechtenstein,1997,86.94
Liechtenstein,1997,86.94
Liechtenstein,1993,87.54
Liechtenstein,1993,87.54
Liechtenstein,1989,90.88
Liechtenstein,1989,90.88
Liechtenstein,1986,93.33
Liechtenstein,1986,93.33
Liechtenstein,1982,95.39
Liechtenstein,1982,95.39
Liechtenstein,1978,95.72
Liechtenstein,1978,95.72
Liechtenstein,1974,95.56
Liechtenstein,1974,95.56
Liechtenstein,1970,94.94
Liechtenstein,1970,94.94
Liechtenstein,1966,95.68
Liechtenstein,1966,95.68
Liechtenstein,1962,94.68
Liechtenstein,1962,94.68
Liechtenstein,1958,96.47
Liechtenstein,1958,96.47
Liechtenstein,1957,93.45
Liechtenstein,1957,93.45
Liechtenstein,1953,90.76
Liechtenstein,1953,90.76
Liechtenstein,1949,91.99
Liechtenstein,1949,91.99
Liechtenstein,1945,93.36
Liechtenstein,1945,93.36
Lithuania,2012,52.93
Lithuania,2008,48.59
Lithuania,2004,46.04
Lithuania,2000,58.18
Lithuania,1996,52.92
Lithuania,1992,75.22
Lithuania,1990,71.72
Luxembourg,2013,91.15
Luxembourg,2009,90.93
Luxembourg,2004,91.68
Luxembourg,1999,86.51
Luxembourg,1994,88.3
Luxembourg,1989,87.39
Luxembourg,1984,88.81
Luxembourg,1979,88.85
Luxembourg,1974,90.14
Luxembourg,1968,88.56
Luxembourg,1964,90.57
Luxembourg,1959,92.33
Luxembourg,1954,92.65
Luxembourg,1951,90.78
Luxembourg,1948,91.9
"Macedonia, former Yugoslav Republic (1993-)",2014,62.98
"Macedonia, former Yugoslav Republic (1993-)",2011,63.48
"Macedonia, former Yugoslav Republic (1993-)",2008,57.99
"Macedonia, former Yugoslav Republic (1993-)",2006,55.98
"Macedonia, former Yugoslav Republic (1993-)",2002,74.6
"Macedonia, former Yugoslav Republic (1993-)",1998,50.46
"Macedonia, former Yugoslav Republic (1993-)",1994,77.29
"Macedonia, former Yugoslav Republic (1993-)",1990,81.18
Madagascar,2013,50.72
Madagascar,2002,67.86
Madagascar,1998,60.13
Madagascar,1993,60
Madagascar,1989,74.6
Madagascar,1983,72.75
Madagascar,1970,94.77
Malawi,2014,70.07
Malawi,2009,53.9
Malawi,2004,60.18
Malawi,1999,92.28
Malawi,1994,80.03
Malaysia,2013,84.84
Malaysia,2008,75.99
Malaysia,2004,73.9
Malaysia,1999,68.65
Malaysia,1995,71.8
Malaysia,1990,70
Malaysia,1986,74.39
Malaysia,1982,72.1
Maldives,2014,77.93
Maldives,2009,78.87
Maldives,2005,71.29
Maldives,1999,77.4
Maldives,1994,75.39
Maldives,1989,68.69
Mali,2013,37.24
Mali,2007,32.19
Mali,2002,26
Mali,1997,21.58
Mali,1992,21.09
Malta,2013,92.95
Malta,2008,93.3
Malta,2003,95.7
Malta,1998,95.4
Malta,1996,97.16
Malta,1992,96.04
Malta,1987,96.11
Malta,1981,94.64
Malta,1976,95
Malta,1971,92.93
Malta,1966,89.71
Malta,1962,90.77
Malta,1955,81.16
Malta,1953,80.37
Malta,1951,74.59
Malta,1950,76.02
Malta,1947,75.44
Marshall Islands,2015,45.85
Marshall Islands,2007,50.07
Mauritania,2013,73.9
Mauritania,2006,69.49
Mauritania,2001,54.45
Mauritania,1996,52.06
Mauritania,1992,38.86
Mauritius,2014,74.41
Mauritius,2010,77.82
Mauritius,2005,81.25
Mauritius,2000,80.87
Mauritius,1995,79.69
Mauritius,1991,84.08
Mauritius,1987,85
Mauritius,1983,87.04
Mauritius,1982,90
Mexico,2015,47.72
Mexico,2012,62.45
Mexico,2009,44.61
Mexico,2006,58.9
Mexico,2003,41.68
Mexico,2000,57.24
Mexico,1997,57.69
Mexico,1994,77.73
Mexico,1991,61.11
Mexico,1988,49.43
Mexico,1985,51.82
Mexico,1982,72.56
Mexico,1979,49.43
Mexico,1976,62.01
Mexico,1973,60.3
Mexico,1970,64.38
Mexico,1967,62.82
Mexico,1964,66.61
Mexico,1961,68.43
Mexico,1958,70.21
Mexico,1955,69.24
Mexico,1952,74.15
Mexico,1949,72.31
Mexico,1946,89.75
"Micronesia, Federated States of",2013,44.68
"Micronesia, Federated States of",2007,52.58
"Micronesia, Federated States of",2007,52.58
"Moldova, Republic of",2014,55.8
"Moldova, Republic of",2010,63.37
"Moldova, Republic of",2009,58.77
"Moldova, Republic of",2005,64.84
"Moldova, Republic of",2001,69.96
"Moldova, Republic of",1998,69.12
"Moldova, Republic of",1994,79.31
Monaco,2013,74.55
Monaco,2008,76.85
Monaco,2003,79.73
Monaco,1998,65.41
Monaco,1993,66.59
Monaco,1988,70.33
Monaco,1983,75.05
Monaco,1978,74.55
Monaco,1973,72.26
Monaco,1968,72.34
Mongolia,2016,73.58
Mongolia,2012,65.24
Mongolia,2008,74.31
Mongolia,2004,81.84
Mongolia,2000,82.42
Mongolia,1996,88.39
Mongolia,1992,95.6
Mongolia,1990,98
Montenegro,2012,70.56
Montenegro,2009,66.19
Montenegro,2006,72.05
Montserrat,2014,71.06
Montserrat,2009,66.75
Montserrat,2006,74.63
Montserrat,2001,77.48
Morocco,2011,45.4
Morocco,2007,37
Morocco,2002,51.61
Morocco,1997,58.3
Morocco,1993,62.75
Morocco,1984,67.43
Morocco,1977,82.36
Morocco,1970,85.34
Mozambique,2014,48.84
Mozambique,2009,44.44
Mozambique,2004,36.34
Mozambique,1999,68.09
Mozambique,1994,87.89
Myanmar,2015,69.72
Myanmar,2010,77.26
Myanmar,1990,73.33
Myanmar,1956,51.97
Namibia,2014,72
Namibia,2004,84.81
Namibia,1999,62.79
Namibia,1994,76.05
Namibia,1989,97.04
Nauru,2016,82.48
Nauru,2013,96.91
Nauru,2010,92.69
Nauru,2008,88
Nauru,2000,88.8
Nauru,1997,91.84
Nauru,1995,99.83
Nauru,1989,88.68
Nauru,1987,92.67
Nepal,2008,63.29
Nepal,1999,65.79
Nepal,1997,88.13
Nepal,1994,86.74
Nepal,1991,88.13
Nepal,1986,60.31
Nepal,1981,52.3
Nepal,1959,42.19
Netherlands,2012,74.56
Netherlands,2010,75.4
Netherlands,2006,80.35
Netherlands,2003,80.04
Netherlands,2002,79.06
Netherlands,1998,73.23
Netherlands,1994,78.75
Netherlands,1989,80.27
Netherlands,1986,85.76
Netherlands,1982,80.98
Netherlands,1981,87.03
Netherlands,1977,88
Netherlands,1972,83.5
Netherlands,1971,79.08
Netherlands,1967,94.95
Netherlands,1963,95.13
Netherlands,1959,95.57
Netherlands,1956,95.5
Netherlands,1952,94.98
Netherlands,1948,93.67
Netherlands,1946,93.12
,2010,65.41
,2006,63.79
,2002,61.32
New Zealand,2014,76.95
New Zealand,2011,74.21
New Zealand,2008,79.46
New Zealand,2005,80.29
New Zealand,2002,76.98
New Zealand,1999,84.77
New Zealand,1996,88.28
New Zealand,1993,85.2
New Zealand,1990,85.24
New Zealand,1987,89.06
New Zealand,1984,93.71
New Zealand,1981,91.44
New Zealand,1978,84.9
New Zealand,1975,83.17
New Zealand,1972,89.83
New Zealand,1969,89.88
New Zealand,1966,86.6
New Zealand,1963,89.56
New Zealand,1960,90.26
New Zealand,1957,93.44
New Zealand,1954,94.57
New Zealand,1951,96.21
New Zealand,1949,97.01
New Zealand,1946,97.6
Nicaragua,2011,79.09
Nicaragua,2006,66.73
Nicaragua,2001,75
Nicaragua,1996,77.07
Nicaragua,1990,81.01
Nicaragua,1984,75.48
Nicaragua,1974,69.43
Nicaragua,1972,73.04
Nicaragua,1963,79.13
Niger,2016,66.27
Niger,2011,49.22
Niger,2004,44.67
Niger,1999,40.11
Niger,1996,38.99
Niger,1995,34.97
Niger,1993,33.07
Nigeria,2015,43.65
Nigeria,2011,28.66
Nigeria,2007,
Nigeria,2003,49.32
Nigeria,1999,40.69
Nigeria,1983,38.9
Nigeria,1979,32.34
Nigeria,1959,79.52
Norway,2013,78.23
Norway,2009,76.37
Norway,2005,77.44
Norway,2001,75.48
Norway,1997,78.33
Norway,1993,75.85
Norway,1989,83.16
Norway,1985,84.03
Norway,1981,81.99
Norway,1977,82.89
Norway,1973,80.24
Norway,1969,83.84
Norway,1965,85.43
Norway,1961,79.07
Norway,1957,78.32
Norway,1953,79.33
Norway,1949,82.02
Norway,1945,76.36
Oman,2015,56.66
Oman,2011,76.04
Oman,2007,62.7
Pakistan,2013,55.02
Pakistan,2008,44.55
Pakistan,2002,41.8
Pakistan,1997,35.17
Pakistan,1993,40.28
Pakistan,1990,45.46
Pakistan,1988,43.07
Pakistan,1985,52.93
Pakistan,1977,55.02
Palau,2012,40.63
Palau,2008,42.66
Palau,2000,81.15
Palau,1996,79.27
Palau,1992,83.43
Palau,1988,82.5
Palau,1984,83.99
Palau,1980,79.99
,2006,77.7
,1996,75.35
Panama,2014,75.19
Panama,2009,70.05
Panama,2004,76.27
Panama,1999,75.94
Panama,1994,73.67
Panama,1984,68.86
Panama,1978,83.64
Papua New Guinea,2012,76.89
Papua New Guinea,1997,65.74
Papua New Guinea,1992,81.2
Papua New Guinea,1987,73.54
Papua New Guinea,1982,51.7
Papua New Guinea,1977,60.35
Papua New Guinea,1972,59.85
Papua New Guinea,1968,48.45
Papua New Guinea,1964,72.3
Paraguay,2013,68.5
Paraguay,2008,65.48
Paraguay,2003,64.02
Paraguay,1998,80.48
Paraguay,1993,66.22
Paraguay,1989,52.01
Paraguay,1988,92.17
Paraguay,1983,92.62
Paraguay,1978,85.96
Paraguay,1973,77.39
Paraguay,1968,73.14
Paraguay,1963,85.12
Peru,2016,81.88
Peru,2011,83.72
Peru,2006,88.66
Peru,2001,81.37
Peru,2000,81.98
Peru,1995,63.39
Peru,1990,68.38
Peru,1985,80.49
Peru,1980,80.44
Peru,1963,94.38
Peru,1962,88.6
Peru,1956,84.04
Philippines,2016,81.95
Philippines,2013,77.18
Philippines,2010,74.98
Philippines,2007,63.68
Philippines,2004,76.97
Philippines,2001,81.08
Philippines,1998,78.75
Philippines,1995,70.68
Philippines,1992,70.56
Philippines,1987,90
Philippines,1978,85.52
Philippines,1969,88.6
Philippines,1967,82.19
Poland,2015,50.92
Poland,2011,48.92
Poland,2007,53.88
Poland,2005,40.57
Poland,2001,46.18
Poland,1997,47.93
Poland,1993,52.08
Poland,1991,43.2
Poland,1989,62.11
Poland,1985,78.86
Poland,1980,98.87
Poland,1976,98.27
Poland,1972,97.94
Poland,1969,97.61
Poland,1965,96.62
Poland,1961,94.83
Poland,1957,94.14
Poland,1952,95.03
Portugal,2015,55.84
Portugal,2011,58.03
Portugal,2009,59.68
Portugal,2005,64.26
Portugal,2002,61.48
Portugal,1999,61.05
Portugal,1995,66.3
Portugal,1991,68.18
Portugal,1987,72.64
Portugal,1985,75.37
Portugal,1983,78.64
Portugal,1980,85.45
Portugal,1979,87.54
Portugal,1976,83.27
Portugal,1975,91.73
Republic of The Congo (Brazzaville),2002,69.36
Romania,2012,41.76
Romania,2008,39.2
Romania,2004,58.51
Romania,2000,65.31
Romania,1996,76.01
Romania,1992,76.29
Romania,1990,79.69
Russian Federation,2016,47.88
Russian Federation,2011,60.1
Russian Federation,2007,63.71
Russian Federation,2003,55.67
Russian Federation,1999,62.33
Russian Federation,1995,64.73
Russian Federation,1993,50
Rwanda,2013,98.8
Rwanda,2008,98.5
Rwanda,2003,96.48
Saint Kitts and Nevis,2015,72.19
Saint Kitts and Nevis,2010,83.51
Saint Kitts and Nevis,2004,58.98
Saint Kitts and Nevis,2004,58.98
Saint Kitts and Nevis,2000,64.24
Saint Kitts and Nevis,2000,64.24
Saint Kitts and Nevis,1995,68.37
Saint Kitts and Nevis,1995,68.37
Saint Kitts and Nevis,1993,66.43
Saint Kitts and Nevis,1993,66.43
Saint Kitts and Nevis,1989,66.77
Saint Kitts and Nevis,1989,66.77
Saint Kitts and Nevis,1984,77.74
Saint Kitts and Nevis,1984,77.74
Saint Kitts and Nevis,1980,74.54
Saint Kitts and Nevis,1980,74.54
Saint Kitts and Nevis,1975,72.06
Saint Kitts and Nevis,1975,72.06
Saint Kitts and Nevis,1971,87.9
Saint Kitts and Nevis,1971,87.9
Saint Kitts and Nevis,1966,73.42
Saint Kitts and Nevis,1966,73.42
Saint Kitts and Nevis,1961,68.75
Saint Kitts and Nevis,1961,68.75
Saint Kitts and Nevis,1952,95.69
Saint Kitts and Nevis,1952,95.69
Saint Lucia,2016,53.45
Saint Lucia,2011,56.84
Saint Lucia,2006,58.46
Saint Lucia,2006,58.46
Saint Lucia,2001,31.54
Saint Lucia,1997,66.55
Saint Lucia,1992,63.34
Saint Lucia,1987,60.56
Saint Lucia,1982,64.47
Saint Lucia,1979,80.31
Saint Lucia,1974,84.13
Saint Lucia,1974,84.13
Saint Lucia,1969,53.25
Saint Lucia,1969,53.25
Saint Lucia,1964,51.93
Saint Lucia,1964,51.93
Saint Lucia,1957,56.82
Saint Lucia,1957,56.82
Saint Lucia,1954,49.36
Saint Lucia,1954,49.36
Saint Lucia,1951,59.11
Saint Vincent and The Grenadines,2015,73.39
Saint Vincent and The Grenadines,2010,62.33
Saint Vincent and The Grenadines,2005,63.68
Saint Vincent and The Grenadines,2001,69.2
Saint Vincent and The Grenadines,1998,67.36
Saint Vincent and The Grenadines,1994,65.61
Saint Vincent and The Grenadines,1989,72.38
Saint Vincent and The Grenadines,1984,88.81
Saint Vincent and The Grenadines,1979,63.9
Saint Vincent and The Grenadines,1974,63.24
Saint Vincent and The Grenadines,1972,75.61
Saint Vincent and The Grenadines,1967,82.55
Saint Vincent and The Grenadines,1966,84.09
Saint Vincent and The Grenadines,1961,77.13
Saint Vincent and The Grenadines,1957,70.88
Saint Vincent and The Grenadines,1954,59.84
Saint Vincent and The Grenadines,1951,69.72
Samoa,2016,73.06
Samoa,2011,
Samoa,2001,82.54
Samoa,1996,86.35
Samoa,1991,78
San Marino,2012,63.85
San Marino,2008,68.48
San Marino,2006,71.84
San Marino,2001,73.8
San Marino,1998,75.28
San Marino,1993,80.3
San Marino,1988,81.14
San Marino,1983,79.54
San Marino,1978,78.98
San Marino,1974,79.7
Sao Tome and Principe,2010,88.45
Sao Tome and Principe,2006,66.85
Sao Tome and Principe,2002,66.29
Sao Tome and Principe,1998,64.68
Sao Tome and Principe,1994,52.09
Sao Tome and Principe,1991,76.74
Senegal,2012,36.67
Senegal,2007,34.75
Senegal,2001,67.26
Senegal,1998,39.28
Senegal,1993,40.4
Senegal,1988,57.87
Senegal,1983,56
Senegal,1978,62.24
Serbia,2016,56.07
Serbia,2014,53.09
Serbia,2012,57.77
Serbia,2008,61.35
Serbia,2007,60.57
Seychelles,2016,87.61
Seychelles,2011,74.25
Seychelles,2007,85.9
Seychelles,2002,84.52
Seychelles,1998,86.73
Seychelles,1993,86.52
Sierra Leone,2012,79.28
Sierra Leone,2007,75.8
Sierra Leone,2002,83.26
Sierra Leone,1996,60.33
Singapore,2015,93.56
Singapore,2011,93.18
Singapore,2006,94.01
Singapore,2001,94.61
Singapore,1997,95.91
Singapore,1991,95.03
Singapore,1988,94.7
Singapore,1984,95.59
Singapore,1980,95.48
Singapore,1976,95.1
Singapore,1972,82.15
Singapore,1968,94.09
Slovakia,2016,59.82
Slovakia,2012,59.11
Slovakia,2010,58.84
Slovakia,2006,54.67
Slovakia,2002,70.07
Slovakia,1998,84.25
Slovakia,1994,75.41
Slovakia,1992,84.68
Slovakia,1990,96.33
Slovenia,2014,51.73
Slovenia,2011,65.6
Slovenia,2008,63.1
Slovenia,2004,60.64
Slovenia,2000,70.36
Slovenia,1996,73.67
Slovenia,1992,85.9
Solomon Islands,2014,89.93
Solomon Islands,2010,52.36
Solomon Islands,2006,56.95
Solomon Islands,2001,61.88
Solomon Islands,1997,68.35
Solomon Islands,1993,63.61
Solomon Islands,1989,64.94
Solomon Islands,1984,62.04
Solomon Islands,1980,58.23
Somalia,1984,99.86
South Africa,2014,73.48
South Africa,2009,77.3
South Africa,2004,76.73
South Africa,1999,89.28
South Africa,1994,86.87
Spain,2016,69.84
Spain,2015,73.2
Spain,2011,68.94
Spain,2008,75.32
Spain,2004,75.66
Spain,2004,75.66
Spain,2000,68.71
Spain,2000,68.71
Spain,1996,78.06
Spain,1996,78.06
Spain,1993,77.05
Spain,1993,77.05
Spain,1989,70.01
Spain,1989,70.01
Spain,1986,70.37
Spain,1986,70.37
Spain,1982,79.83
Spain,1982,79.83
Spain,1979,68.13
Spain,1979,68.13
Spain,1977,76.96
Spain,1977,76.96
Sri Lanka,2015,77.66
Sri Lanka,2010,61.26
Sri Lanka,2004,75.96
Sri Lanka,2001,76.03
Sri Lanka,2000,75.63
Sri Lanka,1994,76.24
Sri Lanka,1989,63.59
Sri Lanka,1977,86.69
Sri Lanka,1970,84.88
Sri Lanka,1965,81.13
Sri Lanka,1960,75.9
Sri Lanka,1956,69.04
Sri Lanka,1952,70.7
Sri Lanka,1947,55.81
Sudan,2015,46.4
Sudan,2010,72
Sudan,1996,72.2
Sudan,1968,59.86
Suriname,2015,72.72
Suriname,2010,73.21
Suriname,2005,46.68
Suriname,2000,69.85
Suriname,1996,66.66
Suriname,1991,64.31
Suriname,1987,84.96
Suriname,1977,77.77
Suriname,1973,76.03
Swaziland,1998,60.39
Sweden,2014,85.81
Sweden,2010,84.63
Sweden,2006,81.99
Sweden,2002,80.11
Sweden,1998,81.39
Sweden,1994,86.82
Sweden,1991,86.74
Sweden,1988,85.96
Sweden,1985,89.85
Sweden,1982,91.45
Sweden,1979,90.72
Sweden,1976,91.76
Sweden,1973,90.84
Sweden,1970,88.28
Sweden,1968,89.29
Sweden,1964,83.86
Sweden,1960,85.91
Sweden,1958,77.42
Sweden,1956,79.84
Sweden,1952,79.11
Sweden,1948,82.74
Switzerland,2015,48.4
Switzerland,2011,49.1
Switzerland,2007,48.28
Switzerland,2007,48.28
Switzerland,2003,45.22
Switzerland,2003,45.22
Switzerland,1999,43.22
Switzerland,1999,43.22
Switzerland,1995,42.25
Switzerland,1995,42.25
Switzerland,1991,46.04
Switzerland,1991,46.04
Switzerland,1987,47.48
Switzerland,1987,47.48
Switzerland,1983,48.91
Switzerland,1983,48.91
Switzerland,1979,48.06
Switzerland,1979,48.06
Switzerland,1975,52.39
Switzerland,1975,52.39
Switzerland,1971,56.36
Switzerland,1971,56.36
Switzerland,1967,63.76
Switzerland,1967,63.76
Switzerland,1963,64.46
Switzerland,1963,64.46
Switzerland,1959,68.46
Switzerland,1959,68.46
Switzerland,1955,68.71
Switzerland,1955,68.71
Switzerland,1951,69.78
Switzerland,1951,69.78
Switzerland,1947,71.69
Switzerland,1947,71.69
Syrian Arab Republic,2016,57.56
Syrian Arab Republic,2012,51.26
Syrian Arab Republic,2007,56
Syrian Arab Republic,2003,63.45
Syrian Arab Republic,1998,82.22
Syrian Arab Republic,1994,61.17
Taiwan,2016,66.25
Taiwan,2012,74.7
Taiwan,2008,58.5
Taiwan,2004,59.16
Taiwan,2001,66.16
Taiwan,1998,68.09
Taiwan,1996,76.21
Taiwan,1995,67.65
Taiwan,1992,72.02
Taiwan,1991,68.32
Tajikistan,2015,82
Tajikistan,2010,90.84
Tajikistan,2005,93.23
Tajikistan,2000,93.36
Tajikistan,1995,84
"Tanzania, United Republic of",2015,62.68
"Tanzania, United Republic of",2010,39.49
"Tanzania, United Republic of",2005,69.64
"Tanzania, United Republic of",2000,72.77
"Tanzania, United Republic of",1995,76.51
Thailand,2014,46.79
Thailand,2011,75.03
Thailand,2007,78.51
Thailand,2006,64.77
Thailand,2005,75.13
Thailand,2001,69.95
Thailand,1996,62.39
Thailand,1995,62.04
Thailand,1992,59.28
Thailand,1988,63.56
Thailand,1986,61.4
Thailand,1983,50.76
Thailand,1976,43.69
Thailand,1975,47
Thailand,1969,49.16
Thailand,1957,44.07
Thailand,1952,38.95
Thailand,1948,29.5
Thailand,1946,32.52
Timor-Leste,2007,80.54
Timor-Leste,2001,86.03
Togo,2013,66.06
Togo,2007,84.92
Togo,2002,67.43
Togo,1994,65.12
Togo,1990,78.67
Togo,1985,78.62
Tonga,2014,76.8
Tonga,2010,90.85
Tonga,2008,46.69
Tonga,2005,50.52
Tonga,1999,50.75
Tonga,1996,56.09
Tonga,1993,58.81
Tonga,1987,59.42
Trinidad and Tobago,2015,66.84
Trinidad and Tobago,2010,69.45
Trinidad and Tobago,2007,66.03
Trinidad and Tobago,2002,69.64
Trinidad and Tobago,2001,66.13
Trinidad and Tobago,2000,63.05
Trinidad and Tobago,1995,63.3
Trinidad and Tobago,1991,65.76
Trinidad and Tobago,1986,65.45
Trinidad and Tobago,1981,56.43
Trinidad and Tobago,1976,55.83
Trinidad and Tobago,1971,33.17
Trinidad and Tobago,1966,65.79
Trinidad and Tobago,1961,88.11
Trinidad and Tobago,1956,80.09
Trinidad and Tobago,1950,70.09
Trinidad and Tobago,1946,52.9
Tunisia,2014,67.43
Tunisia,2011,86.4
Tunisia,2009,89.4
Tunisia,2004,86.41
Tunisia,1999,91.51
Tunisia,1994,95.47
Tunisia,1989,76.47
Tunisia,1986,82.94
Tunisia,1981,84.54
Turkey,2015,85.18
Turkey,2014,74.13
Turkey,2011,87.59
Turkey,2007,84.25
Turkey,2002,79.28
Turkey,1999,87.09
Turkey,1995,85.2
Turkey,1991,83.92
Turkey,1987,93.28
Turkey,1983,92.27
Turkey,1977,70.41
Turkey,1973,66.82
Turkey,1969,64.35
Turkey,1961,81.41
Turkey,1950,87.75
Turkmenistan,2013,91.33
Turkmenistan,2008,93.87
Turkmenistan,2004,76.88
Tuvalu,2002,79.99
Tuvalu,1981,84.98
Tuvalu,1977,78.83
Uganda,2016,67.61
Uganda,2011,59.29
Uganda,2006,68
Uganda,2001,70.31
Uganda,1996,59.3
Uganda,1980,85.3
Uganda,1962,67.76
Ukraine,2014,52.42
Ukraine,2012,57.4
Ukraine,2007,62.03
Ukraine,2006,67.19
Ukraine,2002,69.24
Ukraine,1998,70.65
Ukraine,1994,75.81
United Kingdom,2015,66.12
United Kingdom,2010,65.77
United Kingdom,2005,61.36
United Kingdom,2005,61.36
United Kingdom,2001,59.38
United Kingdom,2001,59.38
United Kingdom,1997,71.46
United Kingdom,1997,71.46
United Kingdom,1992,77.83
United Kingdom,1992,77.83
United Kingdom,1987,75.42
United Kingdom,1987,75.42
United Kingdom,1983,72.81
United Kingdom,1983,72.81
United Kingdom,1979,76
United Kingdom,1979,76
United Kingdom,1974,72.93
United Kingdom,1970,72.15
United Kingdom,1970,72.15
United Kingdom,1966,75.96
United Kingdom,1966,75.96
United Kingdom,1964,77.17
United Kingdom,1964,77.17
United Kingdom,1959,78.71
United Kingdom,1959,78.71
United Kingdom,1955,76.78
United Kingdom,1955,76.78
United Kingdom,1951,81.89
United Kingdom,1951,81.89
United Kingdom,1950,83.61
United Kingdom,1950,83.61
United Kingdom,1945,72.55
United Kingdom,1945,72.55
United States,2014,42.5
United States,2012,64.44
United States,2010,48.59
United States,2008,64.36
United States,2006,47.52
United States,2004,68.75
United States,2002,45.31
United States,2000,63.76
United States,1998,51.55
United States,1996,65.97
United States,1994,57.64
United States,1992,78.02
United States,1990,56.03
United States,1988,72.48
United States,1986,54.89
United States,1984,74.63
United States,1982,61.1
United States,1980,76.53
United States,1978,57.04
United States,1976,77.64
United States,1974,58.15
United States,1972,79.85
United States,1970,70.32
United States,1968,89.66
Uruguay,2014,89.62
Uruguay,2009,89.91
Uruguay,2004,89.62
Uruguay,1999,91.71
Uruguay,1994,91.44
Uruguay,1989,88.67
Uruguay,1984,87.87
Uruguay,1971,91.9
Uruguay,1966,74.28
Uruguay,1962,76.63
Uruguay,1958,71.3
Uruguay,1954,67.87
Uruguay,1950,70.91
Uruguay,1946,67.43
Uzbekistan,2014,88.51
Uzbekistan,2010,87.76
Uzbekistan,2004,85.1
Uzbekistan,1999,93.46
Uzbekistan,1994,93.58
Vanuatu,2016,56.47
Vanuatu,2012,63.22
Vanuatu,2008,70.38
Vanuatu,2004,68.58
Vanuatu,2002,63.47
Vanuatu,1998,61.61
Vanuatu,1995,67.95
Vanuatu,1991,71.3
Vanuatu,1987,71.64
Vanuatu,1983,74.9
Venezuela,2015,73.76
Venezuela,2010,66.42
Venezuela,2005,25.26
Venezuela,2000,56.55
Venezuela,1998,52.65
Venezuela,1993,60
Venezuela,1988,81.65
Venezuela,1983,87.75
Venezuela,1978,87.56
Venezuela,1973,96.52
Venezuela,1968,94.51
Venezuela,1963,90.84
Venezuela,1958,92.15
Viet Nam,2016,99.26
Viet Nam,2011,99.51
Viet Nam,2007,99.64
Viet Nam,2002,98.85
Viet Nam,1997,99.59
Viet Nam,1992,99.12
"Virgin Islands, British",2015,66.58
"Virgin Islands, British",2011,72.85
"Virgin Islands, British",2007,66.47
"Virgin Islands, British",2003,72.32
Yemen,2003,74.98
Yemen,1997,60.71
Yemen,1993,80.74
"Yugoslavia, FR/Union of Serbia and Montenegro",2003,58.75
"Yugoslavia, FR/Union of Serbia and Montenegro",2003,58.75
"Yugoslavia, FR/Union of Serbia and Montenegro",2000,64.17
"Yugoslavia, FR/Union of Serbia and Montenegro",1996,53.29
"Yugoslavia, FR/Union of Serbia and Montenegro",1993,67.39
,1992,56.07
,1953,89.37
,1950,91.94
,1945,88.66
Zambia,2016,56.03
Zambia,2011,53.65
Zambia,2006,70.74
Zambia,2001,68.55
Zambia,1996,78.49
Zambia,1991,44.44
Zambia,1968,82.47
Zimbabwe,2008,40.81
Zimbabwe,2005,47.66
Zimbabwe,2000,48.33
Zimbabwe,1995,30.81
Zimbabwe,1979,63.89